X2 | Redhzzz              | Redh                      
X2 | sodigece             | Sodi                      
X1 | Jecinu               | Jecinu                    
Y3 | JennyShoeHorn        | JennyShoehorn             
Y2 | SuperForester168     | ddddaaan                  
Y2 | Northz1408           | boundaries                
Y2 | Clarence187          | Andrew.idp                
Y1 | HiradorTao           | Hirador                   
Y1 | FH2406               | fabian24                  
Y1 | HardFire420          | HardFire.                 
Z3 | i_Ferfs              | HyperHC                   
Z3 | RegretfulFire64537   | juanpr_01                 
Z2 | pootbb               | sleepyegg                 
Z2 | Kanameer1            | Kanameer                  
Z1 | LuxuriousJockey51945 | Matt                      
E3 | reverse.giraffe.     | space lettuce             
E3 | hippo7979            | babos                     
E2 | Torquai              | Torquai                   
P1 | MoonMagick69         | Magick                    
P1 | jaden.fn.ninja       | [OS] JadenFnNinja         
P1 | TheDarkSlayer0109    | Sad Owl      
xx | Sandurius
ww | Grey7865
xx | ToxxicBurst